day,suggested_date,channel,asset,caption,hashtags,landing_url,status,owner,metric
D1,2026-05-29,xhs,marketing/xhs/d1-dream-chase-cover.png,总是梦见被追赶，先别急着害怕，记录情绪和现实压力线索。,梦境解析 心理学 自我成长 睡眠,https://MoKangMedical.github.io/DreamLab/start/?utm_source=xhs&utm_medium=note&utm_campaign=dream_chase,ready,content,收藏率/主页点击
D1,2026-05-29,douyin,marketing/douyin/dream-chase-storyboard.png,梦见被追赶不等于坏预兆，先看梦里的身体感受。,梦境解析 心理学 DreamLab,https://MoKangMedical.github.io/DreamLab/start/?utm_source=douyin&utm_medium=video&utm_campaign=dream_chase,ready,video,完播率/主页点击
D1,2026-05-29,avatar,marketing/digital-human/ep01-opening-storyboard.png,DreamLab AI 心理研究员开场：从一个梦、一次测评、一段反思开始。,AI数字人 心理学教育 DreamLab,https://MoKangMedical.github.io/DreamLab/start/?utm_source=avatar&utm_medium=video&utm_campaign=dreamlab_launch,ready,avatar,完播率/开始体验
D2,2026-05-30,xhs,marketing/xhs/d2-anxiety-check-cover.png,焦虑不是你太脆弱，可能是系统已经过载。,焦虑自救 心理测评 情绪管理 DreamLab,https://MoKangMedical.github.io/DreamLab/start/?utm_source=xhs&utm_medium=note&utm_campaign=anxiety_check,ready,content,收藏率/测评开始
D2,2026-05-30,douyin,marketing/douyin/anxiety-check-storyboard.png,30 秒做一个焦虑自查：睡眠、身体、念头。,焦虑 情绪管理 心理测评,https://MoKangMedical.github.io/DreamLab/start/?utm_source=douyin&utm_medium=video&utm_campaign=anxiety_check,ready,video,完播率/测评开始
D2,2026-05-30,avatar,marketing/digital-human/ep02-freud-dream-storyboard.png,弗洛伊德如何看梦：梦不是固定符号表，而是线索。,弗洛伊德 梦境解析 心理学课程,https://MoKangMedical.github.io/DreamLab/start/?utm_source=avatar&utm_medium=video&utm_campaign=freud_dream,ready,avatar,完播率/梦境记录
D3,2026-05-31,xhs,marketing/xhs/d3-course-route-cover.png,心理学入门别硬啃教材，先从一个真实问题开始。,心理学入门 课程推荐 成长路线,https://MoKangMedical.github.io/DreamLab/start/?utm_source=xhs&utm_medium=note&utm_campaign=course_route,ready,content,课程点击
D3,2026-05-31,douyin,marketing/douyin/course-route-storyboard.png,100 门心理课先学哪 3 门？从梦境、情绪、关系进入。,心理学课程 学习路线 DreamLab,https://MoKangMedical.github.io/DreamLab/start/?utm_source=douyin&utm_medium=video&utm_campaign=course_route,ready,video,课程点击
D3,2026-05-31,avatar,marketing/digital-human/ep03-jung-shadow-storyboard.png,荣格说的阴影不是缺点，而是尚未整合的部分。,荣格 阴影心理学 自我成长,https://MoKangMedical.github.io/DreamLab/start/?utm_source=avatar&utm_medium=video&utm_campaign=jung_shadow,ready,avatar,课程点击/反思开始
D4,2026-06-01,xhs,marketing/xhs/d4-sleep-shutdown-cover.png,睡前反复想事的人，试试这一句关机句式。,睡眠 反思日志 心理工具 情绪稳定,https://MoKangMedical.github.io/DreamLab/start/?utm_source=xhs&utm_medium=note&utm_campaign=sleep_shutdown,ready,content,收藏率/反思开始
D4,2026-06-01,douyin,marketing/douyin/ai-reflect-storyboard.png,AI 不能替代咨询，但可以陪你把混乱感受整理成文字。,AI陪伴 反思日志 心理学教育,https://MoKangMedical.github.io/DreamLab/start/?utm_source=douyin&utm_medium=video&utm_campaign=ai_reflect,ready,video,完播率/反思开始
D4,2026-06-01,avatar,marketing/digital-human/ep04-seven-day-quest-storyboard.png,7 天成长任务：测评、记录、课程、反思，从第一格开始。,成长地图 心理学课程 DreamLab,https://MoKangMedical.github.io/DreamLab/start/?utm_source=avatar&utm_medium=video&utm_campaign=seven_day_quest,ready,avatar,开始体验
D5,2026-06-02,xhs,TBD,你讨厌的人，可能藏着你的阴影主题线索。,荣格 阴影 自我观察,https://MoKangMedical.github.io/DreamLab/start/?utm_source=xhs&utm_medium=note&utm_campaign=jung_shadow,planned,content,收藏率/课程点击
D5,2026-06-02,douyin,TBD,阴影不是缺点，成长不是消灭它，而是整合它。,荣格 心理学 自我成长,https://MoKangMedical.github.io/DreamLab/start/?utm_source=douyin&utm_medium=video&utm_campaign=jung_shadow,planned,video,完播率/课程点击
D5,2026-06-02,avatar,TBD,荣格课程切片：阴影和未被理解的需要。,AI数字人 荣格课程 DreamLab,https://MoKangMedical.github.io/DreamLab/start/?utm_source=avatar&utm_medium=video&utm_campaign=jung_shadow,planned,avatar,完播率/课程点击
D6,2026-06-03,xhs,TBD,3 分钟身体扫描卡：焦虑时先回到身体。,正念 身体扫描 焦虑自救,https://MoKangMedical.github.io/DreamLab/start/?utm_source=xhs&utm_medium=note&utm_campaign=mindfulness_scan,planned,content,收藏率/测评开始
D6,2026-06-03,douyin,TBD,跟我做一次身体扫描：肩颈、呼吸、下颌。,正念练习 情绪调节 心理工具,https://MoKangMedical.github.io/DreamLab/start/?utm_source=douyin&utm_medium=video&utm_campaign=mindfulness_scan,planned,video,完播率/反思开始
D6,2026-06-03,avatar,TBD,正念练习口播：把注意力带回身体。,AI数字人 正念 心理学教育,https://MoKangMedical.github.io/DreamLab/start/?utm_source=avatar&utm_medium=video&utm_campaign=mindfulness_scan,planned,avatar,完播率/反思开始
D7,2026-06-04,xhs,TBD,我用 7 天记录梦境后发现的模式。,梦境记录 成长复盘 自我观察,https://MoKangMedical.github.io/DreamLab/start/?utm_source=xhs&utm_medium=note&utm_campaign=week_review,planned,content,评论问题/主页点击
D7,2026-06-04,douyin,TBD,成长游戏地图怎么用：从一个任务开始，而不是一次改变人生。,成长地图 心理学课程 DreamLab,https://MoKangMedical.github.io/DreamLab/start/?utm_source=douyin&utm_medium=video&utm_campaign=week_review,planned,video,完播率/课程点击
D7,2026-06-04,avatar,TBD,一周复盘模板：记录、学习、行动、下一步。,AI数字人 成长复盘 DreamLab,https://MoKangMedical.github.io/DreamLab/start/?utm_source=avatar&utm_medium=video&utm_campaign=week_review,planned,avatar,复盘完成
D8,2026-06-05,xhs,TBD,月度成长报告应该长什么样。,成长会员 月度报告 心理学学习,https://MoKangMedical.github.io/DreamLab/start/?utm_source=xhs&utm_medium=note&utm_campaign=membership_report,planned,content,会员点击
D8,2026-06-05,douyin,TBD,你的成长需要被看见：为什么记录比打鸡血更重要。,成长会员 自我成长 DreamLab,https://MoKangMedical.github.io/DreamLab/start/?utm_source=douyin&utm_medium=video&utm_campaign=membership_report,planned,video,会员点击
D8,2026-06-05,avatar,TBD,成长会员介绍：课程、复盘、月度报告。,AI数字人 成长会员 DreamLab,https://MoKangMedical.github.io/DreamLab/start/?utm_source=avatar&utm_medium=video&utm_campaign=membership_report,planned,avatar,会员点击
D9,2026-06-06,xhs,TBD,为什么越亲密越容易生气。,亲密关系 依恋 情绪管理,https://MoKangMedical.github.io/DreamLab/start/?utm_source=xhs&utm_medium=note&utm_campaign=attachment,planned,content,收藏率/课程点击
D9,2026-06-06,douyin,TBD,依恋风格 30 秒解释：你不是矫情，你是在保护自己。,依恋关系 心理学 亲密关系,https://MoKangMedical.github.io/DreamLab/start/?utm_source=douyin&utm_medium=video&utm_campaign=attachment,planned,video,完播率/课程点击
D9,2026-06-06,avatar,TBD,依恋课程切片：安全感如何被学习。,AI数字人 依恋课程 DreamLab,https://MoKangMedical.github.io/DreamLab/start/?utm_source=avatar&utm_medium=video&utm_campaign=attachment,planned,avatar,课程点击
D10,2026-06-07,xhs,TBD,情绪过载时，不要先讲道理。,情绪调节 情绪急救 心理工具,https://MoKangMedical.github.io/DreamLab/start/?utm_source=xhs&utm_medium=note&utm_campaign=emotion_first_aid,planned,content,收藏率/反思开始
D10,2026-06-07,douyin,TBD,情绪急救 3 步：命名、降速、最小行动。,情绪急救 情绪管理 自我成长,https://MoKangMedical.github.io/DreamLab/start/?utm_source=douyin&utm_medium=video&utm_campaign=emotion_first_aid,planned,video,完播率/反思开始
D10,2026-06-07,avatar,TBD,情绪心理学导入：感受不是敌人，是信号。,AI数字人 情绪心理学 DreamLab,https://MoKangMedical.github.io/DreamLab/start/?utm_source=avatar&utm_medium=video&utm_campaign=emotion_first_aid,planned,avatar,反思开始
D11,2026-06-08,xhs,TBD,5 个心理学概念，帮你更准确描述自己。,心理学概念 知识库 自我理解,https://MoKangMedical.github.io/DreamLab/start/?utm_source=xhs&utm_medium=note&utm_campaign=knowledge,planned,content,知识库点击
D11,2026-06-08,douyin,TBD,今天学一个心理学词：为什么命名会降低混乱感。,心理学知识 自我观察 DreamLab,https://MoKangMedical.github.io/DreamLab/start/?utm_source=douyin&utm_medium=video&utm_campaign=knowledge,planned,video,知识库点击
D11,2026-06-08,avatar,TBD,知识库入口介绍：把模糊感受变成可学习概念。,AI数字人 心理学知识 DreamLab,https://MoKangMedical.github.io/DreamLab/start/?utm_source=avatar&utm_medium=video&utm_campaign=knowledge,planned,avatar,知识库点击
D12,2026-06-09,xhs,TBD,AI 陪伴适合什么时刻用？边界比功能更重要。,AI陪伴 心理学教育 反思日志,https://MoKangMedical.github.io/DreamLab/start/?utm_source=xhs&utm_medium=note&utm_campaign=ai_companion_boundary,planned,content,反思开始
D12,2026-06-09,douyin,TBD,AI 不能替代咨询，但能陪你做复盘。,AI陪伴 反思日志 心理学教育,https://MoKangMedical.github.io/DreamLab/start/?utm_source=douyin&utm_medium=video&utm_campaign=ai_companion_boundary,planned,video,反思开始
D12,2026-06-09,avatar,TBD,AI 陪伴边界说明：记录、整理、复盘，不诊断。,AI数字人 AI陪伴 DreamLab,https://MoKangMedical.github.io/DreamLab/start/?utm_source=avatar&utm_medium=video&utm_campaign=ai_companion_boundary,planned,avatar,反思开始
D13,2026-06-10,xhs,TBD,学校心理课可以怎么做得更轻。,学校心理课 心理教育 DreamLab,https://MoKangMedical.github.io/DreamLab/start/?utm_source=xhs&utm_medium=note&utm_campaign=institution,planned,content,机构线索
D13,2026-06-10,douyin,TBD,企业 EAP 不只是一张热线卡，还需要可学习和可复盘。,企业EAP 心理健康 机构方案,https://MoKangMedical.github.io/DreamLab/start/?utm_source=douyin&utm_medium=video&utm_campaign=institution,planned,video,机构线索
D13,2026-06-10,avatar,TBD,机构课程包介绍：课程、工具、匿名趋势报告。,AI数字人 机构方案 DreamLab,https://MoKangMedical.github.io/DreamLab/start/?utm_source=avatar&utm_medium=video&utm_campaign=institution,planned,avatar,机构线索
D14,2026-06-11,xhs,TBD,14 天后，我更理解自己的梦和情绪了。,成长复盘 梦境记录 心理学学习,https://MoKangMedical.github.io/DreamLab/start/?utm_source=xhs&utm_medium=note&utm_campaign=launch_review,planned,content,会员点击
D14,2026-06-11,douyin,TBD,从测评到课程到复盘，DreamLab 的完整闭环。,DreamLab 心理学课程 成长复盘,https://MoKangMedical.github.io/DreamLab/start/?utm_source=douyin&utm_medium=video&utm_campaign=launch_review,planned,video,会员点击
D14,2026-06-11,avatar,TBD,DreamLab 完整闭环：工具、课程、报告、会员。,AI数字人 DreamLab 成长会员,https://MoKangMedical.github.io/DreamLab/start/?utm_source=avatar&utm_medium=video&utm_campaign=launch_review,planned,avatar,会员点击
